0.746,0.69,11,-7.956,1,0.164,0.247,0,0.101,0.497,89.977,audio_features,7ytR5pFWmSjzHJIeQkgog4,spotify:track:7ytR5pFWmSjzHJIeQkgog4,https://api.spotify.com/v1/tracks/7ytR5pFWmSjzHJIeQkgog4,https://api.spotify.com/v1/audio-analysis/7ytR5pFWmSjzHJIeQkgog4,181733,4
0.514,0.73,1,-5.934,1,0.0598,0.00146,9.54e-05,0.0897,0.334,171.005,audio_features,0VjIjW4GlUZAMYd2vXMi3b,spotify:track:0VjIjW4GlUZAMYd2vXMi3b,https://api.spotify.com/v1/tracks/0VjIjW4GlUZAMYd2vXMi3b,https://api.spotify.com/v1/audio-analysis/0VjIjW4GlUZAMYd2vXMi3b,200040,4
0.77,0.724,8,-5.484,1,0.0495,0.0167,0.0107,0.353,0.898,121.975,audio_features,24Yi9hE78yPEbZ4kxyoXAI,spotify:track:24Yi9hE78yPEbZ4kxyoXAI,https://api.spotify.com/v1/tracks/24Yi9hE78yPEbZ4kxyoXAI,https://api.spotify.com/v1/audio-analysis/24Yi9hE78yPEbZ4kxyoXAI,176840,4
0.672,0.855,9,-3.764,1,0.0397,0.021,0,0.323,0.646,123.056,audio_features,7ju97lgwC2rKQ6wwsf9no9,spotify:track:7ju97lgwC2rKQ6wwsf9no9,https://api.spotify.com/v1/tracks/7ju97lgwC2rKQ6wwsf9no9,https://api.spotify.com/v1/audio-analysis/7ju97lgwC2rKQ6wwsf9no9,182200,4
0.726,0.431,8,-8.765,0,0.135,0.731,0,0.696,0.348,144.026,audio_features,7eJMfftS33KTjuF7lTsMCx,spotify:track:7eJMfftS33KTjuF7lTsMCx,https://api.spotify.com/v1/tracks/7eJMfftS33KTjuF7lTsMCx,https://api.spotify.com/v1/audio-analysis/7eJMfftS33KTjuF7lTsMCx,173333,4
0.83,0.49,1,-8.82,0,0.209,0.289,3.04e-06,0.113,0.845,81.604,audio_features,466cKvZn1j45IpxDdYZqdA,spotify:track:466cKvZn1j45IpxDdYZqdA,https://api.spotify.com/v1/tracks/466cKvZn1j45IpxDdYZqdA,https://api.spotify.com/v1/audio-analysis/466cKvZn1j45IpxDdYZqdA,247059,4
0.548,0.816,0,-4.209,1,0.0465,0.122,0,0.335,0.557,95.39,audio_features,6UelLqGlWMcVH1E5c4H7lY,spotify:track:6UelLqGlWMcVH1E5c4H7lY,https://api.spotify.com/v1/tracks/6UelLqGlWMcVH1E5c4H7lY,https://api.spotify.com/v1/audio-analysis/6UelLqGlWMcVH1E5c4H7lY,174000,4
0.794,0.793,11,-4.521,0,0.0842,0.0125,0,0.0952,0.677,123.941,audio_features,3PfIrDoz19wz7qK7tYeu62,spotify:track:3PfIrDoz19wz7qK7tYeu62,https://api.spotify.com/v1/tracks/3PfIrDoz19wz7qK7tYeu62,https://api.spotify.com/v1/audio-analysis/3PfIrDoz19wz7qK7tYeu62,183290,4
0.728,0.431,6,-9.966,0,0.0622,0.749,0,0.0996,0.629,130.022,audio_features,5RqR4ZCCKJDcBLIn4sih9l,spotify:track:5RqR4ZCCKJDcBLIn4sih9l,https://api.spotify.com/v1/tracks/5RqR4ZCCKJDcBLIn4sih9l,https://api.spotify.com/v1/audio-analysis/5RqR4ZCCKJDcBLIn4sih9l,147800,4
0.825,0.593,6,-6.401,0,0.0988,0.688,0.000161,0.17,0.54,98.078,audio_features,1rgnBhdG2JDFTbYkYRZAku,spotify:track:1rgnBhdG2JDFTbYkYRZAku,https://api.spotify.com/v1/tracks/1rgnBhdG2JDFTbYkYRZAku,https://api.spotify.com/v1/audio-analysis/1rgnBhdG2JDFTbYkYRZAku,209755,4
0.767,0.481,0,-8.52,0,0.0803,0.234,0,0.269,0.761,150.076,audio_features,1xQ6trAsedVPCdbtDAmk0c,spotify:track:1xQ6trAsedVPCdbtDAmk0c,https://api.spotify.com/v1/tracks/1xQ6trAsedVPCdbtDAmk0c,https://api.spotify.com/v1/audio-analysis/1xQ6trAsedVPCdbtDAmk0c,171375,4
0.674,0.774,11,-7.567,0,0.0892,0.0686,0.00188,0.393,0.33,112.05,audio_features,62aP9fBQKYKxi7PDXwcUAS,spotify:track:62aP9fBQKYKxi7PDXwcUAS,https://api.spotify.com/v1/tracks/62aP9fBQKYKxi7PDXwcUAS,https://api.spotify.com/v1/audio-analysis/62aP9fBQKYKxi7PDXwcUAS,176547,4
0.73,0.729,4,-3.434,0,0.0886,0.167,1.39e-06,0.349,0.467,113.012,audio_features,017PF4Q3l4DBUiWoXk4OWT,spotify:track:017PF4Q3l4DBUiWoXk4OWT,https://api.spotify.com/v1/tracks/017PF4Q3l4DBUiWoXk4OWT,https://api.spotify.com/v1/audio-analysis/017PF4Q3l4DBUiWoXk4OWT,221820,4
0.789,0.72,8,-5.652,0,0.218,0.223,0,0.129,0.664,122.031,audio_features,3H7ihDc1dqLriiWXwsc2po,spotify:track:3H7ihDc1dqLriiWXwsc2po,https://api.spotify.com/v1/tracks/3H7ihDc1dqLriiWXwsc2po,https://api.spotify.com/v1/audio-analysis/3H7ihDc1dqLriiWXwsc2po,166794,4
0.774,0.554,0,-7.909,1,0.0383,0.207,0,0.132,0.349,99.034,audio_features,22LAwLoDA5b4AaGSkg6bKW,spotify:track:22LAwLoDA5b4AaGSkg6bKW,https://api.spotify.com/v1/tracks/22LAwLoDA5b4AaGSkg6bKW,https://api.spotify.com/v1/audio-analysis/22LAwLoDA5b4AaGSkg6bKW,162547,4
0.863,0.631,7,-4.689,1,0.0534,0.305,3.04e-05,0.123,0.817,128.977,audio_features,4nK5YrxbMGZstTLbvj6Gxw,spotify:track:4nK5YrxbMGZstTLbvj6Gxw,https://api.spotify.com/v1/tracks/4nK5YrxbMGZstTLbvj6Gxw,https://api.spotify.com/v1/audio-analysis/4nK5YrxbMGZstTLbvj6Gxw,223480,4
0.716,0.537,0,-7.648,0,0.0514,0.233,0,0.157,0.28,129.979,audio_features,39Yp9wwQiSRIDOvrVg7mbk,spotify:track:39Yp9wwQiSRIDOvrVg7mbk,https://api.spotify.com/v1/tracks/39Yp9wwQiSRIDOvrVg7mbk,https://api.spotify.com/v1/audio-analysis/39Yp9wwQiSRIDOvrVg7mbk,165978,4
0.896,0.586,10,-6.687,0,0.0559,0.104,0,0.79,0.642,116.971,audio_features,0nbXyq5TXYPCO7pr3N8S4I,spotify:track:0nbXyq5TXYPCO7pr3N8S4I,https://api.spotify.com/v1/tracks/0nbXyq5TXYPCO7pr3N8S4I,https://api.spotify.com/v1/audio-analysis/0nbXyq5TXYPCO7pr3N8S4I,196653,4
0.597,0.45,8,-6.658,1,0.0418,0.223,0,0.382,0.537,178.765,audio_features,4HBZA5flZLE435QTztThqH,spotify:track:4HBZA5flZLE435QTztThqH,https://api.spotify.com/v1/tracks/4HBZA5flZLE435QTztThqH,https://api.spotify.com/v1/audio-analysis/4HBZA5flZLE435QTztThqH,228482,3
0.611,0.688,1,-5.688,1,0.341,0.0264,0,0.251,0.393,178.462,audio_features,4NhDYoQTYCdWHTvlbGVgwo,spotify:track:4NhDYoQTYCdWHTvlbGVgwo,https://api.spotify.com/v1/tracks/4NhDYoQTYCdWHTvlbGVgwo,https://api.spotify.com/v1/audio-analysis/4NhDYoQTYCdWHTvlbGVgwo,132303,4
0.878,0.626,2,-6.945,1,0.0476,0.19,0.000731,0.0939,0.427,105.046,audio_features,04YutdH0j1INpsva3gOipt,spotify:track:04YutdH0j1INpsva3gOipt,https://api.spotify.com/v1/tracks/04YutdH0j1INpsva3gOipt,https://api.spotify.com/v1/audio-analysis/04YutdH0j1INpsva3gOipt,251429,4
0.806,0.546,9,-6.637,1,0.0575,0.3,0,0.102,0.874,147.986,audio_features,4umIPjkehX1r7uhmGvXiSV,spotify:track:4umIPjkehX1r7uhmGvXiSV,https://api.spotify.com/v1/tracks/4umIPjkehX1r7uhmGvXiSV,https://api.spotify.com/v1/audio-analysis/4umIPjkehX1r7uhmGvXiSV,212867,4
0.501,0.405,1,-5.679,1,0.0319,0.751,0,0.105,0.446,109.891,audio_features,7qEHsqek33rTcFNT9PFqLf,spotify:track:7qEHsqek33rTcFNT9PFqLf,https://api.spotify.com/v1/tracks/7qEHsqek33rTcFNT9PFqLf,https://api.spotify.com/v1/audio-analysis/7qEHsqek33rTcFNT9PFqLf,182161,4
0.822,0.743,10,-4.772,0,0.28,0.016,0,0.127,0.636,84.459,audio_features,5v4GgrXPMghOnBBLmveLac,spotify:track:5v4GgrXPMghOnBBLmveLac,https://api.spotify.com/v1/tracks/5v4GgrXPMghOnBBLmveLac,https://api.spotify.com/v1/audio-analysis/5v4GgrXPMghOnBBLmveLac,242001,4
0.724,0.631,1,-5.403,1,0.0517,0.0873,0,0.0752,0.548,129.019,audio_features,0UwQTbq7ZtBJ7v530mpaxP,spotify:track:0UwQTbq7ZtBJ7v530mpaxP,https://api.spotify.com/v1/tracks/0UwQTbq7ZtBJ7v530mpaxP,https://api.spotify.com/v1/audio-analysis/0UwQTbq7ZtBJ7v530mpaxP,243733,4
0.878,0.525,5,-6.832,1,0.0578,0.183,0,0.0714,0.694,112.022,audio_features,1Cv1YLb4q0RzL6pybtaMLo,spotify:track:1Cv1YLb4q0RzL6pybtaMLo,https://api.spotify.com/v1/tracks/1Cv1YLb4q0RzL6pybtaMLo,https://api.spotify.com/v1/audio-analysis/1Cv1YLb4q0RzL6pybtaMLo,158571,4
0.784,0.43,10,-8.756,0,0.0364,0.123,0,0.0887,0.236,127.087,audio_features,2rRJrJEo19S2J82BDsQ3F7,spotify:track:2rRJrJEo19S2J82BDsQ3F7,https://api.spotify.com/v1/tracks/2rRJrJEo19S2J82BDsQ3F7,https://api.spotify.com/v1/audio-analysis/2rRJrJEo19S2J82BDsQ3F7,159382,4
0.744,0.422,1,-8.946,1,0.294,0.0319,0.00011,0.11,0.493,180.006,audio_features,3dVvWnj4D8JGkKvo6Hucso,spotify:track:3dVvWnj4D8JGkKvo6Hucso,https://api.spotify.com/v1/tracks/3dVvWnj4D8JGkKvo6Hucso,https://api.spotify.com/v1/audio-analysis/3dVvWnj4D8JGkKvo6Hucso,202667,4
0.667,0.719,7,-5.371,0,0.0346,0.00285,8.1e-05,0.0736,0.717,100.021,audio_features,7szuecWAPwGoV1e5vGu8tl,spotify:track:7szuecWAPwGoV1e5vGu8tl,https://api.spotify.com/v1/tracks/7szuecWAPwGoV1e5vGu8tl,https://api.spotify.com/v1/audio-analysis/7szuecWAPwGoV1e5vGu8tl,237520,4
0.787,0.673,11,-4.577,0,0.158,0.256,3.57e-06,0.0904,0.786,110.962,audio_features,3Dv1eDb0MEgF93GpLXlucZ,spotify:track:3Dv1eDb0MEgF93GpLXlucZ,https://api.spotify.com/v1/tracks/3Dv1eDb0MEgF93GpLXlucZ,https://api.spotify.com/v1/audio-analysis/3Dv1eDb0MEgF93GpLXlucZ,237893,4
0.923,0.604,11,-6.671,0,0.245,0.017,0,0.272,0.826,145.062,audio_features,1jaTQ3nqY3oAAYyCTbIvnM,spotify:track:1jaTQ3nqY3oAAYyCTbIvnM,https://api.spotify.com/v1/tracks/1jaTQ3nqY3oAAYyCTbIvnM,https://api.spotify.com/v1/audio-analysis/1jaTQ3nqY3oAAYyCTbIvnM,139741,4
0.695,0.762,0,-3.497,1,0.0395,0.192,0.00244,0.0863,0.553,120.042,audio_features,21jGcNKet2qwijlDFuPiPb,spotify:track:21jGcNKet2qwijlDFuPiPb,https://api.spotify.com/v1/tracks/21jGcNKet2qwijlDFuPiPb,https://api.spotify.com/v1/audio-analysis/21jGcNKet2qwijlDFuPiPb,215280,4
0.803,0.715,2,-3.28,1,0.298,0.295,0.000134,0.0574,0.574,101.085,audio_features,7k4t7uLgtOxPwTpFmtJNTY,spotify:track:7k4t7uLgtOxPwTpFmtJNTY,https://api.spotify.com/v1/tracks/7k4t7uLgtOxPwTpFmtJNTY,https://api.spotify.com/v1/audio-analysis/7k4t7uLgtOxPwTpFmtJNTY,200960,4
0.459,0.575,3,-4.858,1,0.0573,0.604,0,0.0885,0.183,111.881,audio_features,2gMXnyrvIjhVBUZwvLZDMP,spotify:track:2gMXnyrvIjhVBUZwvLZDMP,https://api.spotify.com/v1/tracks/2gMXnyrvIjhVBUZwvLZDMP,https://api.spotify.com/v1/audio-analysis/2gMXnyrvIjhVBUZwvLZDMP,215107,4
0.68,0.729,5,-5.077,1,0.0475,0.612,0,0.224,0.446,123.97,audio_features,4DpNNXFMMxQEKl7r0ykkWA,spotify:track:4DpNNXFMMxQEKl7r0ykkWA,https://api.spotify.com/v1/tracks/4DpNNXFMMxQEKl7r0ykkWA,https://api.spotify.com/v1/audio-analysis/4DpNNXFMMxQEKl7r0ykkWA,179867,4
0.58,0.586,1,-6.883,1,0.0357,0.344,0,0.0755,0.507,147.988,audio_features,1sgDyuLooyvEML4oHspNza,spotify:track:1sgDyuLooyvEML4oHspNza,https://api.spotify.com/v1/tracks/1sgDyuLooyvEML4oHspNza,https://api.spotify.com/v1/audio-analysis/1sgDyuLooyvEML4oHspNza,199549,4
0.841,0.728,7,-3.37,1,0.0484,0.0847,0,0.149,0.43,130.049,audio_features,6gBFPUFcJLzWGx4lenP6h2,spotify:track:6gBFPUFcJLzWGx4lenP6h2,https://api.spotify.com/v1/tracks/6gBFPUFcJLzWGx4lenP6h2,https://api.spotify.com/v1/audio-analysis/6gBFPUFcJLzWGx4lenP6h2,243837,4
0.776,0.509,0,-6.266,0,0.467,0.192,1.49e-06,0.115,0.485,94.634,audio_features,4w47S36wQGBhGg073q3nt7,spotify:track:4w47S36wQGBhGg073q3nt7,https://api.spotify.com/v1/tracks/4w47S36wQGBhGg073q3nt7,https://api.spotify.com/v1/audio-analysis/4w47S36wQGBhGg073q3nt7,129371,4
0.691,0.765,8,-4.727,1,0.111,0.464,3.29e-06,0.203,0.855,174.021,audio_features,06s3QtMJVXw1AJX3UfvZG1,spotify:track:06s3QtMJVXw1AJX3UfvZG1,https://api.spotify.com/v1/tracks/06s3QtMJVXw1AJX3UfvZG1,https://api.spotify.com/v1/audio-analysis/06s3QtMJVXw1AJX3UfvZG1,246000,4
0.621,0.601,6,-5.616,0,0.148,0.0522,0,0.46,0.457,116.735,audio_features,696DnlkuDOXcMAnKlTgXXK,spotify:track:696DnlkuDOXcMAnKlTgXXK,https://api.spotify.com/v1/tracks/696DnlkuDOXcMAnKlTgXXK,https://api.spotify.com/v1/audio-analysis/696DnlkuDOXcMAnKlTgXXK,163636,5
0.805,0.562,7,-3.117,0,0.105,0.125,4.96e-06,0.148,0.767,172.094,audio_features,3ZG8N7aWw2meb6UrI5ZmnZ,spotify:track:3ZG8N7aWw2meb6UrI5ZmnZ,https://api.spotify.com/v1/tracks/3ZG8N7aWw2meb6UrI5ZmnZ,https://api.spotify.com/v1/audio-analysis/3ZG8N7aWw2meb6UrI5ZmnZ,184255,4
0.86,0.758,11,-5.16,1,0.0695,0.021,6.54e-05,0.344,0.453,97.014,audio_features,0SqqAgdovOE24BzxIClpjw,spotify:track:0SqqAgdovOE24BzxIClpjw,https://api.spotify.com/v1/tracks/0SqqAgdovOE24BzxIClpjw,https://api.spotify.com/v1/audio-analysis/0SqqAgdovOE24BzxIClpjw,172127,4
0.63,0.633,4,-7.088,1,0.0457,0.00776,0,0.0541,0.452,93.995,audio_features,3Z8FwOEN59mRMxDCtb8N0A,spotify:track:3Z8FwOEN59mRMxDCtb8N0A,https://api.spotify.com/v1/tracks/3Z8FwOEN59mRMxDCtb8N0A,https://api.spotify.com/v1/audio-analysis/3Z8FwOEN59mRMxDCtb8N0A,172762,4
0.815,0.715,4,-4.65,0,0.207,0.3,4.83e-06,0.091,0.786,176.007,audio_features,1mohfLaTJtB2RplHLQVM70,spotify:track:1mohfLaTJtB2RplHLQVM70,https://api.spotify.com/v1/tracks/1mohfLaTJtB2RplHLQVM70,https://api.spotify.com/v1/audio-analysis/1mohfLaTJtB2RplHLQVM70,345241,4
0.676,0.771,8,-3.675,1,0.0483,0.0237,7e-06,0.102,0.569,99.048,audio_features,3jjujdWJ72nww5eGnfs2E7,spotify:track:3jjujdWJ72nww5eGnfs2E7,https://api.spotify.com/v1/tracks/3jjujdWJ72nww5eGnfs2E7,https://api.spotify.com/v1/audio-analysis/3jjujdWJ72nww5eGnfs2E7,207133,4
0.607,0.829,2,-4.074,1,0.379,0.0103,0,0.107,0.685,96.172,audio_features,2DEZmgHKAvm41k4J3R2E9Y,spotify:track:2DEZmgHKAvm41k4J3R2E9Y,https://api.spotify.com/v1/tracks/2DEZmgHKAvm41k4J3R2E9Y,https://api.spotify.com/v1/audio-analysis/2DEZmgHKAvm41k4J3R2E9Y,295177,4
0.638,0.688,1,-4.056,0,0.0407,0.00775,0,0.126,0.434,129.856,audio_features,76nqCfJOcFFWBJN32PAksn,spotify:track:76nqCfJOcFFWBJN32PAksn,https://api.spotify.com/v1/tracks/76nqCfJOcFFWBJN32PAksn,https://api.spotify.com/v1/audio-analysis/76nqCfJOcFFWBJN32PAksn,162399,4
0.764,0.32,11,-7.209,1,0.0546,0.837,0,0.0822,0.575,91.019,audio_features,2b8fOow8UzyDFAE27YhOZM,spotify:track:2b8fOow8UzyDFAE27YhOZM,https://api.spotify.com/v1/tracks/2b8fOow8UzyDFAE27YhOZM,https://api.spotify.com/v1/audio-analysis/2b8fOow8UzyDFAE27YhOZM,189486,4
0.598,0.427,7,-8.764,0,0.0317,0.0546,5.83e-06,0.21,0.0605,76.469,audio_features,3eekarcy7kvN4yt5ZFzltW,spotify:track:3eekarcy7kvN4yt5ZFzltW,https://api.spotify.com/v1/tracks/3eekarcy7kvN4yt5ZFzltW,https://api.spotify.com/v1/audio-analysis/3eekarcy7kvN4yt5ZFzltW,175721,4
0.795,0.574,2,-6.903,0,0.487,0.067,0,0.15,0.537,142.053,audio_features,1K5KBOgreBi5fkEHvg5ap3,spotify:track:1K5KBOgreBi5fkEHvg5ap3,https://api.spotify.com/v1/tracks/1K5KBOgreBi5fkEHvg5ap3,https://api.spotify.com/v1/audio-analysis/1K5KBOgreBi5fkEHvg5ap3,237918,4
0.814,0.595,0,-7.726,1,0.0277,0.476,0,0.278,0.8,115.004,audio_features,7BYMjh3vWnHU4IFyfZdIDO,spotify:track:7BYMjh3vWnHU4IFyfZdIDO,https://api.spotify.com/v1/tracks/7BYMjh3vWnHU4IFyfZdIDO,https://api.spotify.com/v1/audio-analysis/7BYMjh3vWnHU4IFyfZdIDO,185008,4
0.547,0.666,6,-5.694,1,0.0393,0.4,0,0.144,0.43,129.814,audio_features,69zgyr5HVKdInjeKpq1qHa,spotify:track:69zgyr5HVKdInjeKpq1qHa,https://api.spotify.com/v1/tracks/69zgyr5HVKdInjeKpq1qHa,https://api.spotify.com/v1/audio-analysis/69zgyr5HVKdInjeKpq1qHa,239795,4
0.772,0.509,1,-8.948,1,0.0642,0.47,7.47e-06,0.0895,0.162,99.003,audio_features,2avvGgqlddEXMoYSSzML97,spotify:track:2avvGgqlddEXMoYSSzML97,https://api.spotify.com/v1/tracks/2avvGgqlddEXMoYSSzML97,https://api.spotify.com/v1/audio-analysis/2avvGgqlddEXMoYSSzML97,178788,4
0.669,0.698,11,-4.613,1,0.091,0.571,0,0.102,0.286,80.003,audio_features,0KWnRv3wxjltYVB3MqjNd2,spotify:track:0KWnRv3wxjltYVB3MqjNd2,https://api.spotify.com/v1/tracks/0KWnRv3wxjltYVB3MqjNd2,https://api.spotify.com/v1/audio-analysis/0KWnRv3wxjltYVB3MqjNd2,175500,4
0.76,0.545,7,-7.296,1,0.357,0.668,0,0.103,0.541,97.983,audio_features,58jR5yJgLZgLKtioCEYZGI,spotify:track:58jR5yJgLZgLKtioCEYZGI,https://api.spotify.com/v1/tracks/58jR5yJgLZgLKtioCEYZGI,https://api.spotify.com/v1/audio-analysis/58jR5yJgLZgLKtioCEYZGI,159562,4
0.612,0.595,3,-5.349,1,0.0324,0.327,0,0.127,0.227,124.03,audio_features,3mAc5QY56d5Zl1MbvnWybK,spotify:track:3mAc5QY56d5Zl1MbvnWybK,https://api.spotify.com/v1/tracks/3mAc5QY56d5Zl1MbvnWybK,https://api.spotify.com/v1/audio-analysis/3mAc5QY56d5Zl1MbvnWybK,262400,4
0.672,0.855,9,-3.764,1,0.0397,0.021,0,0.323,0.646,123.056,audio_features,7ju97lgwC2rKQ6wwsf9no9,spotify:track:7ju97lgwC2rKQ6wwsf9no9,https://api.spotify.com/v1/tracks/7ju97lgwC2rKQ6wwsf9no9,https://api.spotify.com/v1/audio-analysis/7ju97lgwC2rKQ6wwsf9no9,182200,4
0.677,0.569,3,-9.616,1,0.0826,0.67,0,0.374,0.31,80.014,audio_features,5mkTa7Y2RXn7iJmucGtWrF,spotify:track:5mkTa7Y2RXn7iJmucGtWrF,https://api.spotify.com/v1/tracks/5mkTa7Y2RXn7iJmucGtWrF,https://api.spotify.com/v1/audio-analysis/5mkTa7Y2RXn7iJmucGtWrF,213000,4
0.502,0.565,9,-7.779,1,0.0358,0.696,5.55e-05,0.156,0.253,139.926,audio_features,5cU1O9P0EDA0rPkPDykhIm,spotify:track:5cU1O9P0EDA0rPkPDykhIm,https://api.spotify.com/v1/tracks/5cU1O9P0EDA0rPkPDykhIm,https://api.spotify.com/v1/audio-analysis/5cU1O9P0EDA0rPkPDykhIm,321040,4
0.63,0.633,4,-7.088,1,0.0457,0.00776,0,0.0541,0.452,93.995,audio_features,3Z8FwOEN59mRMxDCtb8N0A,spotify:track:3Z8FwOEN59mRMxDCtb8N0A,https://api.spotify.com/v1/tracks/3Z8FwOEN59mRMxDCtb8N0A,https://api.spotify.com/v1/audio-analysis/3Z8FwOEN59mRMxDCtb8N0A,172762,4
0.739,0.841,5,-4.162,1,0.06,0.0312,0,0.173,0.562,106.99,audio_features,2bAAj29XGc4h1G4oEGYCmg,spotify:track:2bAAj29XGc4h1G4oEGYCmg,https://api.spotify.com/v1/tracks/2bAAj29XGc4h1G4oEGYCmg,https://api.spotify.com/v1/audio-analysis/2bAAj29XGc4h1G4oEGYCmg,199653,4
0.676,0.869,1,-1.573,1,0.0423,0.115,0,0.132,0.594,120.029,audio_features,0pYacDCZuRhcrwGUA5nTBe,spotify:track:0pYacDCZuRhcrwGUA5nTBe,https://api.spotify.com/v1/tracks/0pYacDCZuRhcrwGUA5nTBe,https://api.spotify.com/v1/audio-analysis/0pYacDCZuRhcrwGUA5nTBe,167573,4
0.36,0.233,7,-11.512,1,0.0509,0.9,3.96e-06,0.106,0.37,77.436,audio_features,6iNH42q8haGYDYGhKK6XiJ,spotify:track:6iNH42q8haGYDYGhKK6XiJ,https://api.spotify.com/v1/tracks/6iNH42q8haGYDYGhKK6XiJ,https://api.spotify.com/v1/audio-analysis/6iNH42q8haGYDYGhKK6XiJ,237000,4
0.522,0.383,4,-10.962,1,0.0285,0.714,1.67e-05,0.106,0.332,150.018,audio_features,7mCr6Rn5jx04Fisvts97Z3,spotify:track:7mCr6Rn5jx04Fisvts97Z3,https://api.spotify.com/v1/tracks/7mCr6Rn5jx04Fisvts97Z3,https://api.spotify.com/v1/audio-analysis/7mCr6Rn5jx04Fisvts97Z3,256000,4
0.538,0.709,0,-6.318,1,0.051,0.275,0,0.0923,0.423,169.976,audio_features,3j5yYj3N0CQSgcHMF91ZlO,spotify:track:3j5yYj3N0CQSgcHMF91ZlO,https://api.spotify.com/v1/tracks/3j5yYj3N0CQSgcHMF91ZlO,https://api.spotify.com/v1/audio-analysis/3j5yYj3N0CQSgcHMF91ZlO,286832,4
0.512,0.35,10,-11.843,1,0.0311,0.478,1.15e-06,0.0855,0.343,152.023,audio_features,56wVfJKtnwlSZtC4NVgIrf,spotify:track:56wVfJKtnwlSZtC4NVgIrf,https://api.spotify.com/v1/tracks/56wVfJKtnwlSZtC4NVgIrf,https://api.spotify.com/v1/audio-analysis/56wVfJKtnwlSZtC4NVgIrf,222333,4
0.752,0.87,9,-3.812,0,0.0623,0.0604,1.12e-05,0.489,0.784,120.006,audio_features,1IWNylpZ477gIVUDpJL66u,spotify:track:1IWNylpZ477gIVUDpJL66u,https://api.spotify.com/v1/tracks/1IWNylpZ477gIVUDpJL66u,https://api.spotify.com/v1/audio-analysis/1IWNylpZ477gIVUDpJL66u,157707,4
0.518,0.462,10,-8.471,1,0.0277,0.322,3.13e-06,0.117,0.289,131.892,audio_features,6XY80Ofqd8j0SGiEdRLwCp,spotify:track:6XY80Ofqd8j0SGiEdRLwCp,https://api.spotify.com/v1/tracks/6XY80Ofqd8j0SGiEdRLwCp,https://api.spotify.com/v1/audio-analysis/6XY80Ofqd8j0SGiEdRLwCp,279147,4
0.597,0.45,8,-6.658,1,0.0418,0.223,0,0.382,0.537,178.765,audio_features,4HBZA5flZLE435QTztThqH,spotify:track:4HBZA5flZLE435QTztThqH,https://api.spotify.com/v1/tracks/4HBZA5flZLE435QTztThqH,https://api.spotify.com/v1/audio-analysis/4HBZA5flZLE435QTztThqH,228482,3
0.615,0.386,3,-9.799,1,0.0312,0.825,4.46e-06,0.115,0.148,129.925,audio_features,1ZSleGniKMWNrWvK5cGALO,spotify:track:1ZSleGniKMWNrWvK5cGALO,https://api.spotify.com/v1/tracks/1ZSleGniKMWNrWvK5cGALO,https://api.spotify.com/v1/audio-analysis/1ZSleGniKMWNrWvK5cGALO,247133,4
0.806,0.546,9,-6.637,1,0.0575,0.3,0,0.102,0.874,147.986,audio_features,4umIPjkehX1r7uhmGvXiSV,spotify:track:4umIPjkehX1r7uhmGvXiSV,https://api.spotify.com/v1/tracks/4umIPjkehX1r7uhmGvXiSV,https://api.spotify.com/v1/audio-analysis/4umIPjkehX1r7uhmGvXiSV,212867,4
0.794,0.793,11,-4.521,0,0.0842,0.0125,0,0.0952,0.677,123.941,audio_features,3PfIrDoz19wz7qK7tYeu62,spotify:track:3PfIrDoz19wz7qK7tYeu62,https://api.spotify.com/v1/tracks/3PfIrDoz19wz7qK7tYeu62,https://api.spotify.com/v1/audio-analysis/3PfIrDoz19wz7qK7tYeu62,183290,4
0.655,0.741,6,-6.231,1,0.0298,0.0797,7.58e-06,0.138,0.434,90.013,audio_features,6KPqmgpoKCHLA5qRdT8w2Q,spotify:track:6KPqmgpoKCHLA5qRdT8w2Q,https://api.spotify.com/v1/tracks/6KPqmgpoKCHLA5qRdT8w2Q,https://api.spotify.com/v1/audio-analysis/6KPqmgpoKCHLA5qRdT8w2Q,155333,4
0.535,0.499,0,-8.033,1,0.0397,0.395,1.31e-06,0.0768,0.162,123.593,audio_features,7a6VJHMS9ttKsj55cKC51G,spotify:track:7a6VJHMS9ttKsj55cKC51G,https://api.spotify.com/v1/tracks/7a6VJHMS9ttKsj55cKC51G,https://api.spotify.com/v1/audio-analysis/7a6VJHMS9ttKsj55cKC51G,253724,4
0.73,0.729,4,-3.434,0,0.0886,0.167,1.39e-06,0.349,0.467,113.012,audio_features,017PF4Q3l4DBUiWoXk4OWT,spotify:track:017PF4Q3l4DBUiWoXk4OWT,https://api.spotify.com/v1/tracks/017PF4Q3l4DBUiWoXk4OWT,https://api.spotify.com/v1/audio-analysis/017PF4Q3l4DBUiWoXk4OWT,221820,4
0.703,0.561,3,-5.567,1,0.0297,0.386,0,0.9,0.436,121.991,audio_features,6ZoJngyuPof3KsFhFKA5P5,spotify:track:6ZoJngyuPof3KsFhFKA5P5,https://api.spotify.com/v1/tracks/6ZoJngyuPof3KsFhFKA5P5,https://api.spotify.com/v1/audio-analysis/6ZoJngyuPof3KsFhFKA5P5,269591,4
0.768,0.76,7,-3.729,1,0.105,0.763,0,0.141,0.736,90.0,audio_features,1rjUBUTswCkN8DIBxkgjJs,spotify:track:1rjUBUTswCkN8DIBxkgjJs,https://api.spotify.com/v1/tracks/1rjUBUTswCkN8DIBxkgjJs,https://api.spotify.com/v1/audio-analysis/1rjUBUTswCkN8DIBxkgjJs,174000,4
0.684,0.745,0,-6.46,0,0.0606,0.0598,0,0.18,0.34,102.021,audio_features,0awvYbOMrpO7q8kG4ApetV,spotify:track:0awvYbOMrpO7q8kG4ApetV,https://api.spotify.com/v1/tracks/0awvYbOMrpO7q8kG4ApetV,https://api.spotify.com/v1/audio-analysis/0awvYbOMrpO7q8kG4ApetV,282347,4
0.547,0.496,7,-7.964,1,0.0251,0.399,0,0.0816,0.227,79.971,audio_features,5Gip2UwE4f8L4MQWsvcvfA,spotify:track:5Gip2UwE4f8L4MQWsvcvfA,https://api.spotify.com/v1/tracks/5Gip2UwE4f8L4MQWsvcvfA,https://api.spotify.com/v1/audio-analysis/5Gip2UwE4f8L4MQWsvcvfA,268875,4
0.695,0.314,9,-14.956,1,0.0349,0.198,0.000863,0.121,0.382,100.0,audio_features,75Rm8fulB9P9O6F7hdXNcE,spotify:track:75Rm8fulB9P9O6F7hdXNcE,https://api.spotify.com/v1/tracks/75Rm8fulB9P9O6F7hdXNcE,https://api.spotify.com/v1/audio-analysis/75Rm8fulB9P9O6F7hdXNcE,349003,4
0.406,0.314,8,-8.001,1,0.0301,0.871,0.000157,0.1,0.178,94.27,audio_features,2CkmvLrg2Zl83TuwjwWF5v,spotify:track:2CkmvLrg2Zl83TuwjwWF5v,https://api.spotify.com/v1/tracks/2CkmvLrg2Zl83TuwjwWF5v,https://api.spotify.com/v1/audio-analysis/2CkmvLrg2Zl83TuwjwWF5v,266600,4
0.674,0.774,11,-7.567,0,0.0892,0.0686,0.00188,0.393,0.33,112.05,audio_features,62aP9fBQKYKxi7PDXwcUAS,spotify:track:62aP9fBQKYKxi7PDXwcUAS,https://api.spotify.com/v1/tracks/62aP9fBQKYKxi7PDXwcUAS,https://api.spotify.com/v1/audio-analysis/62aP9fBQKYKxi7PDXwcUAS,176547,4
0.759,0.548,9,-6.049,0,0.029,0.0392,0,0.0828,0.749,116.967,audio_features,6v3KW9xbzN5yKLt9YKDYA2,spotify:track:6v3KW9xbzN5yKLt9YKDYA2,https://api.spotify.com/v1/tracks/6v3KW9xbzN5yKLt9YKDYA2,https://api.spotify.com/v1/audio-analysis/6v3KW9xbzN5yKLt9YKDYA2,190800,4
0.72,0.48,10,-8.552,1,0.0604,0.248,0,0.0704,0.464,143.945,audio_features,66YKSygcUZHHqHJZcWslI3,spotify:track:66YKSygcUZHHqHJZcWslI3,https://api.spotify.com/v1/tracks/66YKSygcUZHHqHJZcWslI3,https://api.spotify.com/v1/audio-analysis/66YKSygcUZHHqHJZcWslI3,235632,4
0.764,0.32,11,-7.209,1,0.0546,0.837,0,0.0822,0.575,91.019,audio_features,2b8fOow8UzyDFAE27YhOZM,spotify:track:2b8fOow8UzyDFAE27YhOZM,https://api.spotify.com/v1/tracks/2b8fOow8UzyDFAE27YhOZM,https://api.spotify.com/v1/audio-analysis/2b8fOow8UzyDFAE27YhOZM,189486,4
0.521,0.471,4,-8.247,1,0.0317,0.786,0,0.105,0.269,92.054,audio_features,3NNDJfWMGHuNpvHWTImmlW,spotify:track:3NNDJfWMGHuNpvHWTImmlW,https://api.spotify.com/v1/tracks/3NNDJfWMGHuNpvHWTImmlW,https://api.spotify.com/v1/audio-analysis/3NNDJfWMGHuNpvHWTImmlW,289604,4
0.547,0.715,8,-3.334,1,0.0458,0.592,0,0.0624,0.585,153.89,audio_features,3dGkfiu2IKSWZRfmBoUxvV,spotify:track:3dGkfiu2IKSWZRfmBoUxvV,https://api.spotify.com/v1/tracks/3dGkfiu2IKSWZRfmBoUxvV,https://api.spotify.com/v1/audio-analysis/3dGkfiu2IKSWZRfmBoUxvV,204156,4
0.604,0.555,0,-7.788,0,0.0395,0.691,0,0.15,0.457,168.019,audio_features,6BL2V0CvfW9QVHm9oU4Lmk,spotify:track:6BL2V0CvfW9QVHm9oU4Lmk,https://api.spotify.com/v1/tracks/6BL2V0CvfW9QVHm9oU4Lmk,https://api.spotify.com/v1/audio-analysis/6BL2V0CvfW9QVHm9oU4Lmk,251429,4
0.58,0.586,1,-6.883,1,0.0357,0.344,0,0.0755,0.507,147.988,audio_features,1sgDyuLooyvEML4oHspNza,spotify:track:1sgDyuLooyvEML4oHspNza,https://api.spotify.com/v1/tracks/1sgDyuLooyvEML4oHspNza,https://api.spotify.com/v1/audio-analysis/1sgDyuLooyvEML4oHspNza,199549,4
0.825,0.593,6,-6.401,0,0.0988,0.688,0.000161,0.17,0.54,98.078,audio_features,1rgnBhdG2JDFTbYkYRZAku,spotify:track:1rgnBhdG2JDFTbYkYRZAku,https://api.spotify.com/v1/tracks/1rgnBhdG2JDFTbYkYRZAku,https://api.spotify.com/v1/audio-analysis/1rgnBhdG2JDFTbYkYRZAku,209755,4
0.514,0.73,1,-5.934,1,0.0598,0.00146,9.54e-05,0.0897,0.334,171.005,audio_features,0VjIjW4GlUZAMYd2vXMi3b,spotify:track:0VjIjW4GlUZAMYd2vXMi3b,https://api.spotify.com/v1/tracks/0VjIjW4GlUZAMYd2vXMi3b,https://api.spotify.com/v1/audio-analysis/0VjIjW4GlUZAMYd2vXMi3b,200040,4
0.599,0.696,7,-6.494,1,0.0313,0.233,1.34e-05,0.0453,0.772,155.934,audio_features,37QfvQfmJb2W1ALv2dORC5,spotify:track:37QfvQfmJb2W1ALv2dORC5,https://api.spotify.com/v1/tracks/37QfvQfmJb2W1ALv2dORC5,https://api.spotify.com/v1/audio-analysis/37QfvQfmJb2W1ALv2dORC5,298842,4
0.501,0.405,1,-5.679,1,0.0319,0.751,0,0.105,0.446,109.891,audio_features,7qEHsqek33rTcFNT9PFqLf,spotify:track:7qEHsqek33rTcFNT9PFqLf,https://api.spotify.com/v1/tracks/7qEHsqek33rTcFNT9PFqLf,https://api.spotify.com/v1/audio-analysis/7qEHsqek33rTcFNT9PFqLf,182161,4
0.724,0.631,1,-5.403,1,0.0517,0.0873,0,0.0752,0.548,129.019,audio_features,0UwQTbq7ZtBJ7v530mpaxP,spotify:track:0UwQTbq7ZtBJ7v530mpaxP,https://api.spotify.com/v1/tracks/0UwQTbq7ZtBJ7v530mpaxP,https://api.spotify.com/v1/audio-analysis/0UwQTbq7ZtBJ7v530mpaxP,243733,4
0.708,0.639,5,-4.173,1,0.0648,0.515,0,0.102,0.293,89.994,audio_features,4fw4NwYVD8nLWLtKtlN8df,spotify:track:4fw4NwYVD8nLWLtKtlN8df,https://api.spotify.com/v1/tracks/4fw4NwYVD8nLWLtKtlN8df,https://api.spotify.com/v1/audio-analysis/4fw4NwYVD8nLWLtKtlN8df,166000,4
0.744,0.631,9,-7.426,1,0.142,0.618,6.23e-06,0.163,0.762,89.983,audio_features,4oNbnRaCAk6NNNVkvns7xV,spotify:track:4oNbnRaCAk6NNNVkvns7xV,https://api.spotify.com/v1/tracks/4oNbnRaCAk6NNNVkvns7xV,https://api.spotify.com/v1/audio-analysis/4oNbnRaCAk6NNNVkvns7xV,216000,4
0.563,0.179,0,-12.717,1,0.0323,0.882,5.01e-06,0.115,0.263,82.738,audio_features,5F4yb5DOs3aJmDzcTvs5er,spotify:track:5F4yb5DOs3aJmDzcTvs5er,https://api.spotify.com/v1/tracks/5F4yb5DOs3aJmDzcTvs5er,https://api.spotify.com/v1/audio-analysis/5F4yb5DOs3aJmDzcTvs5er,271378,4
0.526,0.671,5,-5.655,1,0.0324,0.0215,2.7e-06,0.104,0.204,164.062,audio_features,2HmM5p02Q2qrYZvXJRLVx3,spotify:track:2HmM5p02Q2qrYZvXJRLVx3,https://api.spotify.com/v1/tracks/2HmM5p02Q2qrYZvXJRLVx3,https://api.spotify.com/v1/audio-analysis/2HmM5p02Q2qrYZvXJRLVx3,229333,4
0.726,0.431,8,-8.765,0,0.135,0.731,0,0.696,0.348,144.026,audio_features,7eJMfftS33KTjuF7lTsMCx,spotify:track:7eJMfftS33KTjuF7lTsMCx,https://api.spotify.com/v1/tracks/7eJMfftS33KTjuF7lTsMCx,https://api.spotify.com/v1/audio-analysis/7eJMfftS33KTjuF7lTsMCx,173333,4
0.618,0.573,4,-5.309,1,0.0363,0.339,0,0.13,0.157,133.986,audio_features,37BXaP8wCJrH0M3AdtSNyk,spotify:track:37BXaP8wCJrH0M3AdtSNyk,https://api.spotify.com/v1/tracks/37BXaP8wCJrH0M3AdtSNyk,https://api.spotify.com/v1/audio-analysis/37BXaP8wCJrH0M3AdtSNyk,299334,4
