Taipei,13
Taipei,5
Taipei,4
Taipei,4
Taipei,1
Taipei,7
Taipei,0
Taipei,13
Taipei,2
Taipei,8
Taipei,14
Taipei,4
Taipei,14
Taipei,12
Taipei,1
Taipei,0
Taipei,13
Taipei,1
Taipei,13
Taipei,10
Taipei,0
Taipei,13
Taipei,2
Taipei,10
Taipei,1
Taipei,7
Taipei,4
Taipei,12
Taipei,9
Taipei,13
Taipei,12
Taipei,11
Taipei,5
Taipei,14
Taipei,6
Taipei,9
Taipei,0
Taipei,10
Taipei,10
Taipei,11
Taipei,6
Taipei,4
Taipei,13
Taipei,14
Taipei,5
Taipei,13
Taipei,6
Taipei,6
Taipei,8
Taipei,14
Taipei,11
Taipei,10
Taipei,13
Taipei,10
Taipei,7
Taipei,1
Taipei,10
Taipei,14
Taipei,10
Taipei,5
Taipei,9
Taipei,14
Taipei,4
Taipei,12
Taipei,6
Taipei,14
Taipei,6
Taipei,3
Taipei,0
Taipei,12
Taipei,11
Taipei,8
Taipei,10
Taipei,3
Taipei,2
Taipei,8
Taipei,12
Taipei,1
Taipei,12
Taipei,7
Taipei,9
Taipei,12
Taipei,9
Taipei,8
Taipei,0
Taipei,13
Taipei,6
Taipei,8
Taipei,5
Taipei,11
Taipei,11
Taipei,14
Taipei,8
Taipei,4
Taipei,1
Taipei,2
Taipei,6
Taipei,0
Taipei,1
Taipei,5
Taichung,9
Taichung,2
Taichung,1
Taichung,5
Taichung,10
Taichung,14
Taichung,14
Taichung,10
Taichung,9
Taichung,2
Taichung,11
Taichung,14
Taichung,6
Taichung,10
Taichung,11
Taichung,10
Taichung,3
Taichung,1
Taichung,13
Taichung,13
Taichung,7
Taichung,0
Taichung,5
Taichung,11
Taichung,4
Taichung,10
Taichung,1
Taichung,11
Taichung,14
Taichung,14
Taichung,1
Taichung,6
Taichung,1
Taichung,1
Taichung,7
Taichung,6
Taichung,4
Taichung,6
Taichung,8
Taichung,11
Taichung,8
Taichung,3
Taichung,3
Taichung,9
Taichung,10
Taichung,6
Taichung,6
Taichung,10
Taichung,13
Taichung,12
Taichung,1
Taichung,5
Taichung,4
Taichung,2
Taichung,4
Taichung,7
Taichung,10
Taichung,13
Taichung,11
Taichung,5
Taichung,13
Taichung,6
Taichung,12
Taichung,6
Taichung,4
Taichung,10
Taichung,12
Taichung,6
Taichung,6
Taichung,14
Taichung,6
Taichung,4
Taichung,12
Taichung,13
Taichung,6
Taichung,7
Taichung,13
Taichung,11
Taichung,11
Taichung,3
Taichung,5
Taichung,12
Taichung,0
Taichung,14
Taichung,1
Taichung,11
Taichung,9
Taichung,1
Taichung,4
Taichung,2
Taichung,14
Taichung,12
Taichung,4
Taichung,9
Taichung,11
Taichung,9
Taichung,1
Taichung,1
Taichung,6
Taichung,8
Tainan,5
Tainan,6
Tainan,5
Tainan,6
Tainan,5
Tainan,6
Tainan,5
Tainan,5
Tainan,11
Tainan,5
Tainan,5
Tainan,5
Tainan,4
Tainan,5
Tainan,6
Tainan,8
Tainan,5
Tainan,5
Tainan,9
Tainan,6
Tainan,6
Tainan,5
Tainan,6
Tainan,5
Tainan,6
Tainan,5
Tainan,5
Tainan,13
Tainan,6
Tainan,6
Tainan,5
Tainan,5
Tainan,6
Tainan,5
Tainan,11
Tainan,13
Tainan,10
Tainan,5
Tainan,11
Tainan,6
Tainan,5
Tainan,11
Tainan,10
Tainan,11
Tainan,11
Tainan,5
Tainan,5
Tainan,2
Tainan,14
Tainan,10
Tainan,14
Tainan,10
Tainan,14
Tainan,0
Tainan,10
Tainan,0
Tainan,1
Tainan,6
Tainan,6
Tainan,5
Tainan,14
Tainan,3
Tainan,11
Tainan,11
Tainan,8
Tainan,1
Tainan,6
Tainan,9
Tainan,10
Tainan,1
Tainan,5
Tainan,11
Tainan,10
Tainan,6
Tainan,6
Tainan,1
Tainan,6
Tainan,1
Tainan,0
Tainan,6
Tainan,12
Tainan,10
Tainan,11
Tainan,13
Tainan,0
Tainan,4
Tainan,7
Tainan,10
Tainan,11
Tainan,11
Tainan,2
Tainan,13
Tainan,11
Tainan,4
Tainan,6
Tainan,4
Tainan,6
Tainan,5
Tainan,11
Tainan,8
Tokyo,12
Tokyo,9
Tokyo,1
Tokyo,14
Tokyo,3
Tokyo,14
Tokyo,7
Tokyo,3
Tokyo,4
Tokyo,1
Tokyo,14
Tokyo,3
Tokyo,12
Tokyo,0
Tokyo,0
Tokyo,12
Tokyo,10
Tokyo,4
Tokyo,3
Tokyo,3
Tokyo,9
Tokyo,7
Tokyo,12
Tokyo,4
Tokyo,0
Tokyo,7
Tokyo,0
Tokyo,9
Tokyo,3
Tokyo,9
Tokyo,4
Tokyo,9
Tokyo,9
Tokyo,4
Tokyo,9
Tokyo,12
Tokyo,0
Tokyo,14
Tokyo,4
Tokyo,9
Tokyo,12
Tokyo,9
Tokyo,9
Tokyo,0
Tokyo,9
Tokyo,14
Tokyo,7
Tokyo,9
Tokyo,3
Tokyo,12
Tokyo,7
Tokyo,3
Tokyo,12
Tokyo,0
Tokyo,0
Tokyo,0
Tokyo,7
Tokyo,10
Tokyo,3
Tokyo,3
Tokyo,7
Tokyo,1
Tokyo,1
Tokyo,3
Tokyo,9
Tokyo,9
Tokyo,0
Tokyo,3
Tokyo,10
Tokyo,9
Tokyo,14
Tokyo,4
Tokyo,9
Tokyo,0
Tokyo,0
Tokyo,3
Tokyo,3
Tokyo,4
Tokyo,9
Tokyo,4
Tokyo,9
Tokyo,0
Tokyo,0
Tokyo,12
Tokyo,12
Tokyo,4
Tokyo,14
Tokyo,4
Tokyo,7
Tokyo,3
Tokyo,2
Tokyo,14
Tokyo,12
Tokyo,7
Tokyo,7
Tokyo,9
Tokyo,9
Tokyo,0
Tokyo,0
Tokyo,9
Osaka,9
Osaka,5
Osaka,3
Osaka,14
Osaka,6
Osaka,4
Osaka,9
Osaka,11
Osaka,14
Osaka,7
Osaka,4
Osaka,1
Osaka,4
Osaka,1
Osaka,1
Osaka,9
Osaka,0
Osaka,4
Osaka,7
Osaka,7
Osaka,4
Osaka,3
Osaka,3
Osaka,3
Osaka,9
Osaka,11
Osaka,3
Osaka,6
Osaka,3
Osaka,9
Osaka,3
Osaka,9
Osaka,14
Osaka,4
Osaka,4
Osaka,4
Osaka,14
Osaka,14
Osaka,1
Osaka,10
Osaka,11
Osaka,12
Osaka,9
Osaka,9
Osaka,3
Osaka,10
Osaka,10
Osaka,14
Osaka,9
Osaka,14
Osaka,13
Osaka,4
Osaka,11
Osaka,4
Osaka,10
Osaka,14
Osaka,3
Osaka,10
Osaka,10
Osaka,1
Osaka,12
Osaka,5
Osaka,0
Osaka,10
Osaka,4
Osaka,14
Osaka,11
Osaka,2
Osaka,4
Osaka,1
Osaka,4
Osaka,0
Osaka,14
Osaka,3
Osaka,0
Osaka,14
Osaka,1
Osaka,3
Osaka,3
Osaka,7
Osaka,11
Osaka,10
Osaka,4
Osaka,4
Osaka,10
Osaka,6
Osaka,12
Osaka,14
Osaka,1
Osaka,10
Osaka,8
Osaka,2
Osaka,12
Osaka,3
Osaka,2
Osaka,3
Osaka,10
Osaka,12
Osaka,13
Osaka,0
Manila,10
Manila,5
Manila,1
Manila,1
Manila,4
Manila,10
Manila,4
Manila,1
Manila,10
Manila,10
Manila,11
Manila,14
Manila,9
Manila,13
Manila,1
Manila,1
Manila,1
Manila,8
Manila,10
Manila,4
Manila,7
Manila,14
Manila,14
Manila,8
Manila,3
Manila,10
Manila,6
Manila,6
Manila,14
Manila,14
Manila,4
Manila,7
Manila,14
Manila,11
Manila,7
Manila,2
Manila,9
Manila,10
Manila,11
Manila,10
Manila,5
Manila,3
Manila,1
Manila,9
Manila,7
Manila,4
Manila,5
Manila,4
Manila,14
Manila,6
Manila,1
Manila,10
Manila,10
Manila,14
Manila,10
Manila,10
Manila,4
Manila,6
Manila,5
Manila,9
Manila,12
Manila,5
Manila,1
Manila,1
Manila,13
Manila,0
Manila,6
Manila,11
Manila,14
Manila,9
Manila,1
Manila,14
Manila,10
Manila,11
Manila,6
Manila,0
Manila,10
Manila,7
Manila,10
Manila,10
Manila,8
Manila,14
Manila,8
Manila,1
Manila,10
Manila,10
Manila,13
Manila,6
Manila,6
Manila,7
Manila,11
Manila,6
Manila,11
Manila,11
Manila,5
Manila,6
Manila,6
Manila,0
Manila,6
Manila,14
Kuala Lumpur,8
Kuala Lumpur,7
Kuala Lumpur,2
Kuala Lumpur,13
Kuala Lumpur,6
Kuala Lumpur,7
Kuala Lumpur,13
Kuala Lumpur,2
Kuala Lumpur,3
Kuala Lumpur,7
Kuala Lumpur,0
Kuala Lumpur,12
Kuala Lumpur,12
Kuala Lumpur,2
Kuala Lumpur,8
Kuala Lumpur,12
Kuala Lumpur,8
Kuala Lumpur,13
Kuala Lumpur,10
Kuala Lumpur,13
Kuala Lumpur,10
Kuala Lumpur,2
Kuala Lumpur,8
Kuala Lumpur,10
Kuala Lumpur,13
Kuala Lumpur,4
Kuala Lumpur,14
Kuala Lumpur,9
Kuala Lumpur,13
Kuala Lumpur,12
Kuala Lumpur,13
Kuala Lumpur,13
Kuala Lumpur,13
Kuala Lumpur,6
Kuala Lumpur,1
Kuala Lumpur,2
Kuala Lumpur,11
Kuala Lumpur,7
Kuala Lumpur,14
Kuala Lumpur,2
Kuala Lumpur,11
Kuala Lumpur,1
Kuala Lumpur,2
Kuala Lumpur,12
Kuala Lumpur,12
Kuala Lumpur,13
Kuala Lumpur,0
Kuala Lumpur,13
Kuala Lumpur,2
Kuala Lumpur,14
Kuala Lumpur,2
Kuala Lumpur,14
Kuala Lumpur,1
Kuala Lumpur,11
Kuala Lumpur,12
Kuala Lumpur,3
Kuala Lumpur,0
Kuala Lumpur,3
Kuala Lumpur,2
Kuala Lumpur,13
Kuala Lumpur,6
Kuala Lumpur,10
Kuala Lumpur,7
Kuala Lumpur,9
Kuala Lumpur,13
Kuala Lumpur,13
Kuala Lumpur,14
Kuala Lumpur,12
Kuala Lumpur,9
Kuala Lumpur,2
Kuala Lumpur,8
Kuala Lumpur,10
Kuala Lumpur,8
Kuala Lumpur,3
Kuala Lumpur,11
Kuala Lumpur,6
Kuala Lumpur,13
Kuala Lumpur,3
Kuala Lumpur,3
Kuala Lumpur,7
Kuala Lumpur,1
Kuala Lumpur,12
Kuala Lumpur,8
Kuala Lumpur,7
Kuala Lumpur,4
Kuala Lumpur,4
Kuala Lumpur,14
Kuala Lumpur,1
Kuala Lumpur,10
Kuala Lumpur,14
Kuala Lumpur,14
Kuala Lumpur,2
Kuala Lumpur,3
Kuala Lumpur,13
Kuala Lumpur,10
Kuala Lumpur,2
Kuala Lumpur,2
Kuala Lumpur,12
Kuala Lumpur,8
Kuala Lumpur,3
Jakarta,3
Jakarta,3
Jakarta,9
Jakarta,14
Jakarta,10
Jakarta,6
Jakarta,4
Jakarta,12
Jakarta,14
Jakarta,9
Jakarta,4
Jakarta,9
Jakarta,4
Jakarta,0
Jakarta,3
Jakarta,4
Jakarta,6
Jakarta,1
Jakarta,12
Jakarta,14
Jakarta,6
Jakarta,7
Jakarta,10
Jakarta,0
Jakarta,14
Jakarta,3
Jakarta,4
Jakarta,6
Jakarta,3
Jakarta,11
Jakarta,13
Jakarta,4
Jakarta,3
Jakarta,10
Jakarta,3
Jakarta,10
Jakarta,5
Jakarta,0
Jakarta,3
Jakarta,3
Jakarta,4
Jakarta,9
Jakarta,3
Jakarta,10
Jakarta,1
Jakarta,7
Jakarta,14
Jakarta,9
Jakarta,13
Jakarta,11
Jakarta,14
Jakarta,14
Jakarta,14
Jakarta,14
Jakarta,13
Jakarta,4
Jakarta,11
Jakarta,6
Jakarta,5
Jakarta,12
Jakarta,11
Jakarta,1
Jakarta,6
Jakarta,10
Jakarta,3
Jakarta,4
Jakarta,5
Jakarta,2
Jakarta,1
Jakarta,1
Jakarta,11
Jakarta,14
Jakarta,10
Jakarta,6
Jakarta,11
Jakarta,3
Jakarta,3
Jakarta,10
Jakarta,7
Jakarta,10
Jakarta,13
Jakarta,6
Jakarta,0
Jakarta,5
Jakarta,5
Jakarta,5
Jakarta,1
Jakarta,14
Jakarta,5
Jakarta,5
Jakarta,9
Jakarta,10
Jakarta,10
Jakarta,6
Jakarta,1
Jakarta,10
Jakarta,9
Jakarta,0
Jakarta,6
Jakarta,3
Canberra,10
Canberra,0
Canberra,1
Canberra,0
Canberra,10
Canberra,5
Canberra,12
Canberra,13
Canberra,5
Canberra,10
Canberra,0
Canberra,10
Canberra,9
Canberra,4
Canberra,1
Canberra,0
Canberra,7
Canberra,9
Canberra,12
Canberra,4
Canberra,6
Canberra,10
Canberra,5
Canberra,14
Canberra,4
Canberra,1
Canberra,10
Canberra,6
Canberra,12
Canberra,13
Canberra,10
Canberra,6
Canberra,5
Canberra,3
Canberra,3
Canberra,14
Canberra,7
Canberra,8
Canberra,6
Canberra,9
Canberra,7
Canberra,3
Canberra,14
Canberra,5
Canberra,10
Canberra,14
Canberra,1
Canberra,3
Canberra,10
Canberra,4
Canberra,7
Canberra,8
Canberra,0
Canberra,1
Canberra,3
Canberra,10
Canberra,12
Canberra,7
Canberra,6
Canberra,1
Canberra,1
Canberra,1
Canberra,8
Canberra,9
Canberra,4
Canberra,4
Canberra,5
Canberra,6
Canberra,6
Canberra,1
Canberra,0
Canberra,13
Canberra,11
Canberra,13
Canberra,14
Canberra,9
Canberra,3
Canberra,11
Canberra,9
Canberra,4
Canberra,2
Canberra,14
Canberra,5
Canberra,4
Canberra,10
Canberra,3
Canberra,3
Canberra,1
Canberra,14
Canberra,9
Canberra,11
Canberra,11
Canberra,9
Canberra,5
Canberra,5
Canberra,10
Canberra,4
Canberra,4
Canberra,1
Canberra,9
Wellington,4
Wellington,0
Wellington,1
Wellington,1
Wellington,12
Wellington,7
Wellington,6
Wellington,10
Wellington,0
Wellington,9
Wellington,9
Wellington,14
Wellington,9
Wellington,12
Wellington,6
Wellington,11
Wellington,10
Wellington,0
Wellington,1
Wellington,3
Wellington,2
Wellington,0
Wellington,12
Wellington,8
Wellington,4
Wellington,9
Wellington,7
Wellington,3
Wellington,7
Wellington,14
Wellington,0
Wellington,0
Wellington,1
Wellington,0
Wellington,5
Wellington,2
Wellington,0
Wellington,12
Wellington,13
Wellington,3
Wellington,14
Wellington,3
Wellington,6
Wellington,0
Wellington,4
Wellington,11
Wellington,14
Wellington,3
Wellington,4
Wellington,3
Wellington,14
Wellington,10
Wellington,9
Wellington,3
Wellington,3
Wellington,3
Wellington,10
Wellington,13
Wellington,10
Wellington,10
Wellington,14
Wellington,14
Wellington,1
Wellington,14
Wellington,12
Wellington,14
Wellington,3
Wellington,4
Wellington,4
Wellington,12
Wellington,12
Wellington,3
Wellington,1
Wellington,1
Wellington,4
Wellington,12
Wellington,14
Wellington,4
Wellington,5
Wellington,1
Wellington,8
Wellington,12
Wellington,3
Wellington,13
Wellington,3
Wellington,3
Wellington,9
Wellington,9
Wellington,12
Wellington,14
Wellington,12
Wellington,9
Wellington,3
Wellington,1
Wellington,4
Wellington,12
Wellington,9
Wellington,5
Wellington,3
Wellington,10
London,3
London,12
London,1
London,3
London,4
London,1
London,10
London,3
London,2
London,9
London,7
London,3
London,7
London,9
London,4
London,1
London,9
London,9
London,3
London,13
London,10
London,12
London,13
London,7
London,14
London,12
London,7
London,0
London,14
London,7
London,2
London,4
London,13
London,3
London,7
London,12
London,0
London,9
London,12
London,3
London,13
London,9
London,14
London,14
London,9
London,9
London,12
London,4
London,12
London,3
London,10
London,12
London,3
London,3
London,4
London,14
London,9
London,0
London,12
London,1
London,9
London,12
London,4
London,4
London,7
London,12
London,7
London,1
London,0
London,3
London,13
London,9
London,14
London,0
London,0
London,3
London,9
London,4
London,0
London,2
London,6
London,0
London,7
London,1
London,9
London,7
London,0
London,12
London,0
London,4
London,12
London,9
London,0
London,2
London,14
London,9
London,1
London,14
London,2
London,12
Madrid,2
Madrid,3
Madrid,9
Madrid,12
Madrid,10
Madrid,13
Madrid,4
Madrid,2
Madrid,8
Madrid,9
Madrid,9
Madrid,12
Madrid,0
Madrid,2
Madrid,4
Madrid,7
Madrid,3
Madrid,12
Madrid,0
Madrid,12
Madrid,3
Madrid,10
Madrid,14
Madrid,9
Madrid,4
Madrid,5
Madrid,11
Madrid,9
Madrid,14
Madrid,9
Madrid,12
Madrid,4
Madrid,13
Madrid,1
Madrid,10
Madrid,6
Madrid,12
Madrid,2
Madrid,3
Madrid,3
Madrid,11
Madrid,1
Madrid,3
Madrid,3
Madrid,9
Madrid,9
Madrid,14
Madrid,10
Madrid,3
Madrid,1
Madrid,9
Madrid,3
Madrid,12
Madrid,3
Madrid,14
Madrid,0
Madrid,1
Madrid,12
Madrid,0
Madrid,13
Madrid,7
Madrid,0
Madrid,9
Madrid,9
Madrid,7
Madrid,13
Madrid,10
Madrid,2
Madrid,12
Madrid,12
Madrid,14
Madrid,11
Madrid,6
Madrid,5
Madrid,2
Madrid,6
Madrid,9
Madrid,13
Madrid,4
Madrid,9
Madrid,13
Madrid,9
Madrid,9
Madrid,12
Madrid,0
Madrid,14
Madrid,4
Madrid,11
Madrid,6
Madrid,0
Madrid,9
Madrid,4
Madrid,4
Madrid,1
Madrid,4
Madrid,14
Madrid,9
Madrid,3
Madrid,4
Madrid,12
Berlin,12
Berlin,0
Berlin,4
Berlin,12
Berlin,13
Berlin,10
Berlin,0
Berlin,3
Berlin,4
Berlin,6
Berlin,8
Berlin,1
Berlin,10
Berlin,0
Berlin,12
Berlin,6
Berlin,9
Berlin,9
Berlin,6
Berlin,2
Berlin,0
Berlin,4
Berlin,3
Berlin,4
Berlin,1
Berlin,3
Berlin,9
Berlin,14
Berlin,12
Berlin,3
Berlin,3
Berlin,13
Berlin,10
Berlin,14
Berlin,14
Berlin,10
Berlin,3
Berlin,12
Berlin,14
Berlin,2
Berlin,14
Berlin,3
Berlin,0
Berlin,8
Berlin,13
Berlin,11
Berlin,7
Berlin,1
Berlin,9
Berlin,10
Berlin,4
Berlin,3
Berlin,13
Berlin,1
Berlin,1
Berlin,9
Berlin,10
Berlin,13
Berlin,1
Berlin,9
Berlin,7
Berlin,14
Berlin,9
Berlin,10
Berlin,11
Berlin,12
Berlin,9
Berlin,12
Berlin,9
Berlin,14
Berlin,4
Berlin,10
Berlin,13
Berlin,3
Berlin,8
Berlin,14
Berlin,3
Berlin,3
Berlin,14
Berlin,12
Berlin,0
Berlin,0
Berlin,1
Berlin,9
Berlin,11
Berlin,3
Berlin,7
Berlin,7
Berlin,4
Berlin,2
Berlin,3
Berlin,0
Berlin,9
Berlin,10
Berlin,14
Berlin,14
Berlin,12
Berlin,12
Berlin,8
Berlin,14
Paris,4
Paris,13
Paris,0
Paris,3
Paris,0
Paris,12
Paris,0
Paris,13
Paris,12
Paris,12
Paris,10
Paris,14
Paris,12
Paris,4
Paris,9
Paris,2
Paris,13
Paris,3
Paris,14
Paris,9
Paris,0
Paris,9
Paris,12
Paris,7
Paris,9
Paris,4
Paris,3
Paris,3
Paris,14
Paris,14
Paris,0
Paris,10
Paris,3
Paris,9
Paris,13
Paris,12
Paris,10
Paris,13
Paris,3
Paris,7
Paris,4
Paris,3
Paris,1
Paris,2
Paris,13
Paris,9
Paris,12
Paris,2
Paris,7
Paris,10
Paris,12
Paris,2
Paris,1
Paris,8
Paris,0
Paris,10
Paris,14
Paris,1
Paris,2
Paris,9
Paris,12
Paris,12
Paris,0
Paris,3
Paris,3
Paris,9
Paris,0
Paris,0
Paris,2
Paris,1
Paris,0
Paris,14
Paris,13
Paris,7
Paris,12
Paris,12
Paris,12
Paris,9
Paris,2
Paris,0
Paris,4
Paris,12
Paris,14
Paris,1
Paris,0
Paris,14
Paris,7
Paris,0
Paris,14
Paris,14
Paris,1
Paris,4
Paris,9
Paris,13
Paris,1
Paris,2
Paris,3
Paris,7
Paris,10
Paris,0
New York,12
New York,9
New York,2
New York,12
New York,1
New York,13
New York,3
New York,4
New York,12
New York,0
New York,2
New York,7
New York,1
New York,12
New York,14
New York,14
New York,11
New York,9
New York,0
New York,14
New York,9
New York,0
New York,9
New York,12
New York,1
New York,3
New York,12
New York,12
New York,12
New York,3
New York,0
New York,14
New York,9
New York,12
New York,9
New York,14
New York,3
New York,0
New York,4
New York,12
New York,13
New York,7
New York,9
New York,9
New York,1
New York,13
New York,7
New York,0
New York,0
New York,12
New York,9
New York,9
New York,0
New York,9
New York,0
New York,3
New York,9
New York,9
New York,4
New York,0
New York,9
New York,9
New York,0
New York,2
New York,9
New York,9
New York,12
New York,4
New York,9
New York,11
New York,12
New York,14
New York,12
New York,9
New York,9
New York,0
New York,9
New York,9
New York,14
New York,9
New York,0
New York,12
New York,4
New York,9
New York,12
New York,12
New York,12
New York,9
New York,11
New York,12
New York,4
New York,4
New York,0
New York,0
New York,3
New York,2
New York,12
New York,13
New York,14
New York,8
Chicago,12
Chicago,2
Chicago,12
Chicago,14
Chicago,3
Chicago,9
Chicago,14
Chicago,9
Chicago,12
Chicago,7
Chicago,4
Chicago,14
Chicago,13
Chicago,3
Chicago,7
Chicago,12
Chicago,4
Chicago,12
Chicago,12
Chicago,12
Chicago,4
Chicago,9
Chicago,14
Chicago,3
Chicago,4
Chicago,4
Chicago,3
Chicago,0
Chicago,0
Chicago,2
Chicago,7
Chicago,0
Chicago,14
Chicago,12
Chicago,14
Chicago,0
Chicago,12
Chicago,14
Chicago,9
Chicago,9
Chicago,13
Chicago,12
Chicago,4
Chicago,12
Chicago,12
Chicago,2
Chicago,2
Chicago,12
Chicago,9
Chicago,3
Chicago,13
Chicago,4
Chicago,10
Chicago,14
Chicago,12
Chicago,11
Chicago,9
Chicago,2
Chicago,13
Chicago,4
Chicago,9
Chicago,13
Chicago,7
Chicago,0
Chicago,14
Chicago,11
Chicago,0
Chicago,0
Chicago,13
Chicago,4
Chicago,12
Chicago,14
Chicago,13
Chicago,14
Chicago,14
Chicago,1
Chicago,4
Chicago,1
Chicago,7
Chicago,7
Chicago,3
Chicago,9
Chicago,0
Chicago,3
Chicago,4
Chicago,0
Chicago,12
Chicago,12
Chicago,14
Chicago,10
Chicago,14
Chicago,14
Chicago,14
Chicago,1
Chicago,3
Chicago,9
Chicago,9
Chicago,10
Chicago,4
Chicago,3
Ottawa,12
Ottawa,12
Ottawa,7
Ottawa,10
Ottawa,13
Ottawa,9
Ottawa,0
Ottawa,14
Ottawa,12
Ottawa,14
Ottawa,4
Ottawa,10
Ottawa,1
Ottawa,11
Ottawa,4
Ottawa,0
Ottawa,12
Ottawa,3
Ottawa,0
Ottawa,4
Ottawa,2
Ottawa,9
Ottawa,12
Ottawa,12
Ottawa,4
Ottawa,7
Ottawa,14
Ottawa,2
Ottawa,1
Ottawa,7
Ottawa,14
Ottawa,9
Ottawa,2
Ottawa,13
Ottawa,13
Ottawa,3
Ottawa,13
Ottawa,12
Ottawa,2
Ottawa,4
Ottawa,4
Ottawa,11
Ottawa,3
Ottawa,12
Ottawa,9
Ottawa,0
Ottawa,7
Ottawa,14
Ottawa,6
Ottawa,0
Ottawa,7
Ottawa,14
Ottawa,9
Ottawa,14
Ottawa,3
Ottawa,8
Ottawa,14
Ottawa,3
Ottawa,0
Ottawa,13
Ottawa,3
Ottawa,3
Ottawa,4
Ottawa,13
Ottawa,10
Ottawa,2
Ottawa,4
Ottawa,13
Ottawa,14
Ottawa,10
Ottawa,3
Ottawa,13
Ottawa,14
Ottawa,14
Ottawa,12
Ottawa,1
Ottawa,9
Ottawa,0
Ottawa,8
Ottawa,4
Ottawa,1
Ottawa,9
Ottawa,13
Ottawa,12
Ottawa,8
Ottawa,7
Ottawa,11
Ottawa,14
Ottawa,13
Ottawa,4
Ottawa,14
Ottawa,12
Ottawa,12
Ottawa,9
Ottawa,1
Ottawa,5
Ottawa,1
Ottawa,6
Ottawa,7
Ottawa,7
Bras?lia,4
Bras?lia,4
Bras?lia,14
Bras?lia,2
Bras?lia,2
Bras?lia,13
Bras?lia,13
Bras?lia,7
Bras?lia,14
Bras?lia,9
Bras?lia,9
Bras?lia,10
Bras?lia,6
Bras?lia,12
Bras?lia,1
Bras?lia,1
Bras?lia,0
Bras?lia,12
Bras?lia,1
Bras?lia,0
Bras?lia,2
Bras?lia,4
Bras?lia,1
Bras?lia,4
Bras?lia,4
Bras?lia,1
Bras?lia,14
Bras?lia,14
Bras?lia,14
Bras?lia,4
Bras?lia,3
Bras?lia,3
Bras?lia,4
Bras?lia,7
Bras?lia,12
Bras?lia,3
Bras?lia,12
Bras?lia,10
Bras?lia,2
Bras?lia,10
Bras?lia,1
Bras?lia,1
Bras?lia,0
Bras?lia,4
Bras?lia,7
Bras?lia,13
Bras?lia,14
Bras?lia,9
Bras?lia,0
Bras?lia,7
Bras?lia,3
Bras?lia,3
Bras?lia,1
Bras?lia,4
Bras?lia,7
Bras?lia,9
Bras?lia,4
Bras?lia,4
Bras?lia,3
Bras?lia,1
Bras?lia,14
Bras?lia,11
Bras?lia,12
Bras?lia,4
Bras?lia,9
Bras?lia,1
Bras?lia,3
Bras?lia,3
Bras?lia,0
Bras?lia,14
Bras?lia,12
Bras?lia,3
Bras?lia,14
Bras?lia,14
Bras?lia,3
Bras?lia,0
Bras?lia,12
Bras?lia,3
Bras?lia,9
Bras?lia,12
Bras?lia,1
Bras?lia,9
Bras?lia,14
Bras?lia,10
Bras?lia,12
Bras?lia,4
Bras?lia,2
Bras?lia,3
Bras?lia,13
Bras?lia,4
Bras?lia,7
Bras?lia,10
Bras?lia,4
Bras?lia,9
Bras?lia,14
Bras?lia,14
Bras?lia,9
Bras?lia,11
Bras?lia,12
Bras?lia,9
Buenos Aires,12
Buenos Aires,10
Buenos Aires,0
Buenos Aires,0
Buenos Aires,4
Buenos Aires,9
Buenos Aires,0
Buenos Aires,14
Buenos Aires,7
Buenos Aires,0
Buenos Aires,10
Buenos Aires,10
Buenos Aires,7
Buenos Aires,1
Buenos Aires,3
Buenos Aires,7
Buenos Aires,11
Buenos Aires,7
Buenos Aires,4
Buenos Aires,4
Buenos Aires,12
Buenos Aires,12
Buenos Aires,9
Buenos Aires,12
Buenos Aires,9
Buenos Aires,3
Buenos Aires,0
Buenos Aires,7
Buenos Aires,2
Buenos Aires,12
Buenos Aires,9
Buenos Aires,12
Buenos Aires,10
Buenos Aires,4
Buenos Aires,3
Buenos Aires,7
Buenos Aires,9
Buenos Aires,4
Buenos Aires,0
Buenos Aires,12
Buenos Aires,12
Buenos Aires,3
Buenos Aires,3
Buenos Aires,0
Buenos Aires,2
Buenos Aires,4
Buenos Aires,3
Buenos Aires,3
Buenos Aires,2
Buenos Aires,4
Buenos Aires,4
Buenos Aires,3
Buenos Aires,4
Buenos Aires,1
Buenos Aires,1
Buenos Aires,14
Buenos Aires,1
Buenos Aires,4
Buenos Aires,4
Buenos Aires,12
Buenos Aires,14
Buenos Aires,11
Buenos Aires,7
Buenos Aires,7
Buenos Aires,7
Buenos Aires,0
Buenos Aires,9
Buenos Aires,12
Buenos Aires,10
Buenos Aires,4
Buenos Aires,13
Buenos Aires,0
Buenos Aires,10
Buenos Aires,13
Buenos Aires,12
Buenos Aires,4
Buenos Aires,0
Buenos Aires,0
Buenos Aires,2
Buenos Aires,3
Buenos Aires,3
Buenos Aires,7
Buenos Aires,12
Buenos Aires,9
Buenos Aires,0
Buenos Aires,3
Buenos Aires,14
Buenos Aires,3
Buenos Aires,4
Buenos Aires,3
Buenos Aires,14
Buenos Aires,7
Buenos Aires,4
Buenos Aires,9
Buenos Aires,12
Buenos Aires,9
Buenos Aires,12
Buenos Aires,3
Buenos Aires,6
Buenos Aires,9
Berkeley California,7
Berkeley California,10
Berkeley California,1
Berkeley California,10
Berkeley California,1
Berkeley California,5
Berkeley California,8
Berkeley California,11
Berkeley California,11
Berkeley California,11
Berkeley California,6
Berkeley California,14
Berkeley California,9
Berkeley California,11
Berkeley California,6
Berkeley California,6
Berkeley California,8
Berkeley California,6
Berkeley California,1
Berkeley California,1
Berkeley California,5
Berkeley California,6
Berkeley California,6
Berkeley California,13
Berkeley California,9
Berkeley California,1
Berkeley California,14
Berkeley California,1
Berkeley California,14
Berkeley California,13
Berkeley California,1
Berkeley California,8
Berkeley California,10
Berkeley California,11
Berkeley California,13
Berkeley California,1
Berkeley California,5
Berkeley California,10
Berkeley California,10
Berkeley California,13
Berkeley California,14
Berkeley California,14
Berkeley California,6
Berkeley California,14
Berkeley California,8
Berkeley California,12
Berkeley California,11
Berkeley California,1
Berkeley California,11
Berkeley California,1
Berkeley California,14
Berkeley California,0
Berkeley California,7
Berkeley California,11
Berkeley California,5
Berkeley California,11
Berkeley California,9
Berkeley California,12
Berkeley California,10
Berkeley California,9
Berkeley California,14
Berkeley California,2
Berkeley California,14
Berkeley California,14
Berkeley California,11
Berkeley California,4
Berkeley California,1
Berkeley California,2
Berkeley California,12
Berkeley California,10
Berkeley California,4
Berkeley California,7
Berkeley California,10
Berkeley California,9
Berkeley California,1
Berkeley California,8
Berkeley California,3
Berkeley California,4
Berkeley California,2
Berkeley California,2
Berkeley California,11
Berkeley California,3
Berkeley California,5
Berkeley California,6
Berkeley California,0
Berkeley California,1
Berkeley California,2
Berkeley California,12
Berkeley California,3
Berkeley California,12
Berkeley California,11
Berkeley California,2
Berkeley California,3
Berkeley California,2
Berkeley California,6
Berkeley California,12
Berkeley California,11
Berkeley California,11
Berkeley California,3
Berkeley California,1
